tcr_group,peptide,interface,type,TCR,pMHC,dist_A
TCR24,CLAVEEVSL,TCR-MHC,H-bond,TCRa:ALA678:N,MHC:ARG65:NH1,2.69
TCR24,CLAVEEVSL,TCR-MHC,H-bond,TCRb:ARG947:NH2,MHC:ALA69:N,3.31
TCR24,CLAVEEVSL,TCR-MHC,hydrophobic,TCRb:PHE942:CE1,MHC:VAL76:CG2,3.86
TCR24,CLAVEEVSL,TCR-MHC,salt bridge,TCRa:LYS640:NZ,MHC:GLU154:OE1,3.78
TCR24,CLAVEEVSL,TCR-peptide,H-bond,TCRa:GLN615:NE2,peptide:LEU377:O,3.13
TCR24,CLAVEEVSL,TCR-peptide,H-bond,TCRa:GLN615:OE1,peptide:VAL379:N,3.44
TCR24,CLAVEEVSL,TCR-peptide,H-bond,TCRa:GLN615:NE2,peptide:VAL379:N,3.47
TCR24,CLAVEEVSL,TCR-peptide,hydrophobic,TCRb:LEU990:CD1,peptide:VAL379:CG1,2.89
TCR29,AIQDLCLAV,TCR-MHC,H-bond,TCRa:TYR617:OH,MHC:GLN155:OE1,2.67
TCR29,AIQDLCLAV,TCR-MHC,H-bond,TCRa:SER614:OG,MHC:GLU166:OE2,2.74
TCR29,AIQDLCLAV,TCR-MHC,H-bond,TCRa:SER614:OG,MHC:THR163:OG1,2.91
TCR29,AIQDLCLAV,TCR-MHC,H-bond,TCRb:GLY996:O,MHC:GLN155:OE1,3.09
TCR29,AIQDLCLAV,TCR-MHC,H-bond,TCRb:GLY996:O,MHC:GLN155:NE2,3.17
TCR29,AIQDLCLAV,TCR-MHC,H-bond,TCRa:SER614:OG,MHC:THR163:N,3.26
TCR29,AIQDLCLAV,TCR-MHC,H-bond,TCRa:ASP615:N,MHC:THR163:OG1,3.48
TCR29,AIQDLCLAV,TCR-MHC,salt bridge,TCRb:ASP952:OD2,MHC:ARG65:NE,3.63
TCR29,AIQDLCLAV,TCR-peptide,H-bond,TCRa:SER682:OG,peptide:ASP379:OD1,2.36
TCR29,AIQDLCLAV,TCR-peptide,H-bond,TCRa:SER682:N,peptide:ASP379:OD2,3.2
TCR29,AIQDLCLAV,TCR-peptide,H-bond,TCRa:SER682:N,peptide:ASP379:OD1,3.41
TCR29,AIQDLCLAV,TCR-peptide,hydrophobic,TCRb:PHE998:CZ,peptide:LEU380:CA,3.94
TCR5,AIQDLCLAV,TCR-MHC,H-bond,TCRa:ARG612:NH1,MHC:ARG170:NH1,1.97
TCR5,AIQDLCLAV,TCR-MHC,H-bond,TCRb:SER992:O,MHC:GLN155:NE2,2.66
TCR5,AIQDLCLAV,TCR-MHC,H-bond,TCRa:LYS651:NZ,MHC:THR163:OG1,2.71
TCR5,AIQDLCLAV,TCR-MHC,H-bond,TCRa:THR677:O,MHC:ARG65:NH2,2.97
TCR5,AIQDLCLAV,TCR-MHC,H-bond,TCRb:GLY993:N,MHC:GLN155:OE1,3.03
TCR5,AIQDLCLAV,TCR-MHC,H-bond,TCRa:ASN637:ND2,MHC:GLU166:OE1,3.04
TCR5,AIQDLCLAV,TCR-MHC,H-bond,TCRb:SER992:O,MHC:GLN155:OE1,3.11
TCR5,AIQDLCLAV,TCR-MHC,H-bond,TCRa:ARG612:NH2,MHC:ARG170:NH1,3.31
TCR5,AIQDLCLAV,TCR-MHC,H-bond,TCRa:ARG612:NH1,MHC:ARG170:NH2,3.46
TCR5,AIQDLCLAV,TCR-MHC,H-bond,TCRa:GLY678:O,MHC:ARG65:NE,3.49
TCR5,AIQDLCLAV,TCR-peptide,H-bond,TCRb:GLU990:O,peptide:CYS381:O,2.55
TCR5,AIQDLCLAV,TCR-peptide,H-bond,TCRa:GLN615:NE2,peptide:ILE377:O,2.67
TCR5,AIQDLCLAV,TCR-peptide,H-bond,TCRa:GLN615:OE1,peptide:ASP379:N,3.14
